Year,Site,FID,Weight,Length,AC,AGE,SexCon,Sex,Delts,logW,logL,fyr,Ws,Wr,gcat
2012,18,NA,155,220,2,NA,NA,NA,NA,2.1903316982,2.3424226808,2012,137.6415118751,112.6113756587,stock
2012,18,NA,145,220,3,NA,NA,NA,NA,2.1613680022,2.3424226808,2012,137.6415118751,105.3461256162,stock
2012,18,NA,170,230,3,NA,NA,NA,NA,2.2304489214,2.361727836,2012,159.1971201974,106.7858512699,stock
2012,18,NA,700,347,3,NA,NA,NA,NA,2.84509804,2.5403294748,2012,611.6435087166,114.4457498566,quality
2012,18,NA,850,364,3,NA,NA,NA,NA,2.9294189257,2.5611013836,2012,715.2944060823,118.8321889242,quality
2012,18,NA,750,368,3,NA,NA,NA,NA,2.8750612634,2.5658478187,2012,741.3442279394,101.1675779934,quality
2012,18,NA,850,368,3,NA,NA,NA,NA,2.9294189257,2.5658478187,2012,741.3442279394,114.6565883925,quality
2012,18,NA,800,371,3,NA,NA,NA,NA,2.903089987,2.5693739096,2012,761.3087234295,105.0822058621,quality
2012,18,NA,950,374,3,NA,NA,NA,NA,2.9777236053,2.5728716022,2012,781.6435598897,121.5387740333,quality
2012,18,NA,850,377,3,NA,NA,NA,NA,2.9294189257,2.5763413502,2012,802.3525537244,105.9384675794,quality
2012,18,NA,900,379,3,NA,NA,NA,NA,2.9542425094,2.57863921,2012,816.3683032551,110.2443586322,quality
2012,18,NA,800,385,3,NA,NA,NA,NA,2.903089987,2.5854607295,2012,859.4348645988,93.0844247718,preferred
2012,18,NA,850,388,3,NA,NA,NA,NA,2.9294189257,2.5888317256,2012,881.5485549548,96.4212345676,preferred
2012,18,NA,970,393,3,NA,NA,NA,NA,2.9867717343,2.5943925504,2012,919.2778954282,105.5176029821,preferred
2012,18,NA,940,403,3,NA,NA,NA,NA,2.9731278536,2.6053050461,2012,998.0755483346,94.1812472581,preferred
2012,18,NA,1090,405,3,NA,NA,NA,NA,3.0374264979,2.6074550232,2012,1014.3790963586,107.4548957005,preferred
2012,18,NA,1100,410,3,NA,NA,NA,NA,3.0413926852,2.6127838567,2012,1055.9456441743,104.1720287468,preferred
2012,18,NA,1150,415,3,NA,NA,NA,NA,3.0606978404,2.6180480967,2012,1098.6805102645,104.6710112044,preferred
2012,18,NA,1150,418,3,NA,NA,NA,NA,3.0606978404,2.6211762818,2012,1124.8897778368,102.232238452,preferred
2012,18,NA,1400,418,3,NA,NA,NA,NA,3.1461280357,2.6211762818,2012,1124.8897778368,124.4566381154,preferred
2012,18,NA,1320,425,3,NA,NA,NA,NA,3.1205739312,2.6283889301,2012,1187.727926764,111.1365633707,preferred
2014,11,NA,198,219,3,NA,NA,NA,NA,2.2966651903,2.3404441148,2014,135.6043395558,146.013026315,stock
2014,4,NA,198,220,3,NA,NA,NA,NA,2.2966651903,2.3424226808,2014,137.6415118751,143.8519508415,stock
2014,11,NA,255,237,3,NA,NA,NA,NA,2.4065401804,2.374748346,2014,175.610846561,145.2074316556,stock
2014,2,NA,227,238,3,NA,NA,NA,NA,2.3560258572,2.3765769571,2014,178.0477051518,127.4939206919,stock
2014,2,NA,255,241,3,NA,NA,NA,NA,2.4065401804,2.3820170426,2014,185.4990886772,137.4669826243,stock
2014,18,NA,198,241,3,NA,NA,NA,NA,2.2966651903,2.3820170426,2014,185.4990886772,106.7390688612,stock
2014,1,NA,198,245,3,NA,NA,NA,NA,2.2966651903,2.3891660844,2014,195.7674996911,101.1403835225,stock
2014,1,NA,227,246,3,NA,NA,NA,NA,2.3560258572,2.3909351071,2014,198.3949464562,114.4182369837,stock
2014,1,NA,255,250,3,NA,NA,NA,NA,2.4065401804,2.3979400087,2014,209.1498937945,121.9221274148,stock
2014,1,NA,227,251,3,NA,NA,NA,NA,2.3560258572,2.3996737215,2014,211.9005531515,107.1257231866,stock
2014,2,NA,255,252,3,NA,NA,NA,NA,2.4065401804,2.4014005408,2014,214.6762349849,118.7835253483,stock
2014,8,NA,227,252,3,NA,NA,NA,NA,2.3560258572,2.4014005408,2014,214.6762349849,105.7406284473,stock
2014,1,NA,255,254,3,NA,NA,NA,NA,2.4065401804,2.4048337166,2014,220.3031741212,115.7495805574,stock
2014,8,NA,283,255,3,NA,NA,NA,NA,2.4517864355,2.4065401804,2014,223.154685788,126.8178613417,stock
2014,2,NA,312,256,3,NA,NA,NA,NA,2.494154594,2.4082399653,2014,226.0317286581,138.033718475,stock
2014,18,NA,227,256,3,NA,NA,NA,NA,2.3560258572,2.4082399653,2014,226.0317286581,100.4283785058,stock
2014,11,NA,340,257,3,NA,NA,NA,NA,2.531478917,2.4099331233,2014,228.9344302553,148.5141398875,stock
2014,11,NA,255,257,3,NA,NA,NA,NA,2.4065401804,2.4099331233,2014,228.9344302553,111.3856049156,stock
2014,15,NA,340,257,3,NA,NA,NA,NA,2.531478917,2.4099331233,2014,228.9344302553,148.5141398875,stock
2014,11,NA,340,258,3,NA,NA,NA,NA,2.531478917,2.411619706,2014,231.8629182397,146.6383683003,stock
2014,8,NA,255,260,3,NA,NA,NA,NA,2.4065401804,2.414973348,2014,237.7977646872,107.2339768776,stock
2014,10,NA,312,260,3,NA,NA,NA,NA,2.494154594,2.414973348,2014,237.7977646872,131.2039246502,stock
2014,2,NA,255,261,3,NA,NA,NA,NA,2.4065401804,2.4166405073,2014,240.8043791471,105.8950841771,stock
2014,8,NA,283,261,3,NA,NA,NA,NA,2.4517864355,2.4166405073,2014,240.8043791471,117.5227796946,stock
2014,8,NA,283,262,3,NA,NA,NA,NA,2.4517864355,2.4183012913,2014,243.8372919867,116.0610002245,stock
2014,11,NA,369,262,3,NA,NA,NA,NA,2.5670263662,2.4183012913,2014,243.8372919867,151.3304207874,stock
2014,11,NA,340,263,3,NA,NA,NA,NA,2.531478917,2.4199557485,2014,246.8966315405,137.7094526882,stock
2014,2,NA,255,266,3,NA,NA,NA,NA,2.4065401804,2.4248816366,2014,256.234495837,99.5182163772,stock
2014,11,NA,369,266,3,NA,NA,NA,NA,2.5670263662,2.4248816366,2014,256.234495837,144.0087131105,stock
2014,15,NA,312,266,3,NA,NA,NA,NA,2.494154594,2.4248816366,2014,256.234495837,121.7634647438,stock
2014,4,NA,255,268,3,NA,NA,NA,NA,2.4065401804,2.428134794,2014,262.5942310755,97.1079977483,stock
2014,2,NA,255,269,3,NA,NA,NA,NA,2.4065401804,2.42975228,2014,265.8148334059,95.9314409706,stock
2014,2,NA,312,269,3,NA,NA,NA,NA,2.494154594,2.42975228,2014,265.8148334059,117.3749395406,stock
2014,11,NA,340,269,3,NA,NA,NA,NA,2.531478917,2.42975228,2014,265.8148334059,127.9085879609,stock
2014,11,NA,312,269,3,NA,NA,NA,NA,2.494154594,2.42975228,2014,265.8148334059,117.3749395406,stock
2014,1,NA,340,270,3,NA,NA,NA,NA,2.531478917,2.4313637642,2014,269.0627645178,126.3645679882,stock
2014,15,NA,312,270,3,NA,NA,NA,NA,2.494154594,2.4313637642,2014,269.0627645178,115.9580741539,stock
2014,15,NA,369,273,3,NA,NA,NA,NA,2.5670263662,2.436162647,2014,278.9718251424,132.2714219659,stock
2014,11,NA,283,274,3,NA,NA,NA,NA,2.4517864355,2.4377505628,2014,282.3303666335,100.2371807803,stock
2014,1,NA,340,275,3,NA,NA,NA,NA,2.531478917,2.4393326938,2014,285.7168851846,118.9989173304,stock
2014,11,NA,397,275,3,NA,NA,NA,NA,2.5987905068,2.4393326938,2014,285.7168851846,138.9487358241,stock
2014,15,NA,340,275,3,NA,NA,NA,NA,2.531478917,2.4393326938,2014,285.7168851846,118.9989173304,stock
2014,15,NA,312,275,3,NA,NA,NA,NA,2.494154594,2.4393326938,2014,285.7168851846,109.1990064915,stock
2014,1,NA,312,276,3,NA,NA,NA,NA,2.494154594,2.4409090821,2014,289.1315108415,107.909372829,stock
2014,11,NA,340,276,3,NA,NA,NA,NA,2.531478917,2.4409090821,2014,289.1315108415,117.5935473136,stock
2014,11,NA,312,278,3,NA,NA,NA,NA,2.494154594,2.4440447959,2014,296.0456043002,105.3891682457,stock
2014,11,NA,369,279,3,NA,NA,NA,NA,2.5670263662,2.4456042033,2014,299.5453328378,123.1866964857,stock
2014,11,NA,340,279,3,NA,NA,NA,NA,2.531478917,2.4456042033,2014,299.5453328378,113.5053571955,stock
2014,15,NA,340,280,3,NA,NA,NA,NA,2.531478917,2.4471580313,2014,303.0736899518,112.1839378582,stock
2014,15,NA,340,280,3,NA,NA,NA,NA,2.531478917,2.4471580313,2014,303.0736899518,112.1839378582,stock
2014,2,NA,340,281,3,NA,NA,NA,NA,2.531478917,2.4487063199,2014,306.6308063304,110.8825313637,stock
2014,11,NA,340,283,3,NA,NA,NA,NA,2.531478917,2.4517864355,2014,313.8318402705,108.338274315,stock
2014,10,NA,369,284,3,NA,NA,NA,NA,2.5670263662,2.45331834,2014,317.4760198442,116.2292510096,stock
2014,2,NA,340,285,3,NA,NA,NA,NA,2.531478917,2.45484486,2014,321.1494827063,105.8697019017,stock
2014,15,NA,340,285,3,NA,NA,NA,NA,2.531478917,2.45484486,2014,321.1494827063,105.8697019017,stock
2014,11,NA,397,291,3,NA,NA,NA,NA,2.5987905068,2.463892989,2014,343.8125717693,115.4698904572,stock
2014,11,NA,340,292,3,NA,NA,NA,NA,2.531478917,2.4653828514,2014,347.6947016971,97.7869373161,stock
2014,11,NA,397,293,3,NA,NA,NA,NA,2.5987905068,2.4668676204,2014,351.6071689969,112.910098259,stock
2014,15,NA,312,293,3,NA,NA,NA,NA,2.494154594,2.4668676204,2014,351.6071689969,88.7353920826,stock
2014,16,NA,340,293,3,NA,NA,NA,NA,2.531478917,2.4668676204,2014,351.6071689969,96.6988247054,stock
2014,8,NA,369,295,3,NA,NA,NA,NA,2.5670263662,2.469822016,2014,359.523645117,102.6358085238,stock
2014,12,NA,454,296,3,NA,NA,NA,NA,2.6570558529,2.4712917111,2014,363.5279189473,124.8872442355,stock
2014,1,NA,454,298,3,NA,NA,NA,NA,2.6570558529,2.4742162641,2014,371.6292015948,122.16478093,stock
2014,6,NA,340,299,3,NA,NA,NA,NA,2.531478917,2.4756711883,2014,375.7264761575,90.4913604911,stock
2014,16,NA,511,299,3,NA,NA,NA,NA,2.7084209001,2.4756711883,2014,375.7264761575,136.0031917969,stock
2014,15,NA,454,300,3,NA,NA,NA,NA,2.6570558529,2.4771212547,2014,379.8550169132,119.5192849339,quality
2014,2,NA,511,301,3,NA,NA,NA,NA,2.7084209001,2.4785664956,2014,384.0149570392,133.0677335956,quality
2014,1,NA,397,305,3,NA,NA,NA,NA,2.5987905068,2.4842998393,2014,400.9713790283,99.0095604734,quality
2014,1,NA,397,306,3,NA,NA,NA,NA,2.5987905068,2.4857214265,2014,405.2903178978,97.9544742295,quality
2014,12,NA,511,309,3,NA,NA,NA,NA,2.7084209001,2.4899584794,2014,418.4408765238,122.1200003798,quality
2014,8,NA,425,310,3,NA,NA,NA,NA,2.6283889301,2.4913616938,2014,422.8894238684,100.4990846336,quality
2014,15,NA,340,310,3,NA,NA,NA,NA,2.531478917,2.4913616938,2014,422.8894238684,80.3992677069,quality
2014,1,NA,454,313,3,NA,NA,NA,NA,2.6570558529,2.4955443375,2014,436.4320305823,104.0253620694,quality
2014,6,NA,425,313,3,NA,NA,NA,NA,2.6283889301,2.4955443375,2014,436.4320305823,97.3805702191,quality
2014,11,NA,397,314,3,NA,NA,NA,NA,2.5987905068,2.4969296481,2014,441.0123364242,90.0201575355,quality
2014,12,NA,454,314,3,NA,NA,NA,NA,2.6570558529,2.4969296481,2014,441.0123364242,102.9449660481,quality
2014,2,NA,539,317,3,NA,NA,NA,NA,2.7315887652,2.5010592622,2014,454.9534526407,118.4736585405,quality
2014,12,NA,539,319,3,NA,NA,NA,NA,2.7315887652,2.5037906831,2014,464.4157134813,116.0598111463,quality
2014,4,NA,567,321,3,NA,NA,NA,NA,2.7535830589,2.5065050324,2014,474.0137842334,119.6167746297,quality
2014,10,NA,539,321,3,NA,NA,NA,NA,2.7315887652,2.5065050324,2014,474.0137842334,113.7097734134,quality
2014,11,NA,567,323,3,NA,NA,NA,NA,2.7535830589,2.5092025223,2014,483.7487497462,117.2096052543,quality
2014,11,NA,539,324,3,NA,NA,NA,NA,2.7315887652,2.5105450102,2014,488.6679075584,110.2998563366,quality
2014,8,NA,425,329,3,NA,NA,NA,NA,2.6283889301,2.5171958979,2014,513.785890993,82.7192819909,quality
2014,4,NA,567,331,3,NA,NA,NA,NA,2.7535830589,2.5198279938,2014,524.0793208527,108.1897295771,quality
2014,10,NA,567,333,3,NA,NA,NA,NA,2.7535830589,2.5224442335,2014,534.5150972565,106.0774527998,quality
2014,15,NA,482,335,3,NA,NA,NA,NA,2.6830470382,2.525044807,2014,545.0943160114,88.4250644048,quality
2014,2,NA,539,337,3,NA,NA,NA,NA,2.7315887652,2.5276299009,2014,555.818074723,96.9741763559,quality
2014,2,NA,567,338,3,NA,NA,NA,NA,2.7535830589,2.5289167003,2014,561.234500054,101.0272889399,quality
2014,16,NA,709,340,3,NA,NA,NA,NA,2.8506462352,2.531478917,2014,572.177130625,123.9126770456,quality
2014,8,NA,624,341,3,NA,NA,NA,NA,2.7951845897,2.532754379,2014,577.7036113819,108.0138651907,quality
2014,16,NA,652,341,3,NA,NA,NA,NA,2.8142475957,2.532754379,2014,577.7036113819,112.8606411929,quality
2014,11,NA,596,342,3,NA,NA,NA,NA,2.7752462597,2.5340261061,2014,583.2670529823,102.1830389618,quality
2014,16,NA,681,342,3,NA,NA,NA,NA,2.8331471119,2.5340261061,2014,583.2670529823,116.7561233775,quality
2014,11,NA,596,343,3,NA,NA,NA,NA,2.7752462597,2.53529412,2014,588.8675934612,101.2112071743,quality
2014,6,NA,567,344,3,NA,NA,NA,NA,2.7535830589,2.5365584426,2014,594.5053709639,95.3734024439,quality
2014,4,NA,567,345,3,NA,NA,NA,NA,2.7535830589,2.5378190951,2014,600.1805237458,94.471576062,quality
2014,11,NA,596,345,3,NA,NA,NA,NA,2.7752462597,2.5378190951,2014,600.1805237458,99.3034556137,quality
2014,15,NA,511,345,3,NA,NA,NA,NA,2.7084209001,2.5378190951,2014,600.1805237458,85.1410500312,quality
2014,10,NA,681,348,3,NA,NA,NA,NA,2.8331471119,2.5415792439,2014,617.431617964,110.2956149615,quality
2014,8,NA,567,349,3,NA,NA,NA,NA,2.7535830589,2.542825427,2014,623.2576566071,90.9736116339,quality
2014,12,NA,652,349,3,NA,NA,NA,NA,2.8142475957,2.542825427,2014,623.2576566071,104.6116310146,quality
2014,8,NA,539,350,3,NA,NA,NA,NA,2.7315887652,2.5440680444,2014,629.1217634476,85.6749887409,quality
2014,18,NA,709,351,3,NA,NA,NA,NA,2.8506462352,2.5453071165,2014,635.0240773959,111.6493098825,quality
2014,11,NA,652,352,3,NA,NA,NA,NA,2.8142475957,2.5465426635,2014,640.9647374708,101.7216645291,quality
2014,11,NA,624,352,3,NA,NA,NA,NA,2.7951845897,2.5465426635,2014,640.9647374708,97.353249488,quality
2014,16,NA,596,352,3,NA,NA,NA,NA,2.7752462597,2.5465426635,2014,640.9647374708,92.9848344469,quality
2014,16,NA,681,354,3,NA,NA,NA,NA,2.8331471119,2.549003262,2014,652.9616526166,104.2940266509,quality
2014,16,NA,794,354,3,NA,NA,NA,NA,2.8998205024,2.549003262,2014,652.9616526166,121.5997902508,quality
2014,12,NA,766,355,3,NA,NA,NA,NA,2.8842287696,2.5502283531,2014,659.018186265,116.2335146381,quality
2014,10,NA,681,356,3,NA,NA,NA,NA,2.8331471119,2.551449998,2014,665.1136231948,102.3885207356,quality
2014,2,NA,681,361,3,NA,NA,NA,NA,2.8331471119,2.5575072019,2014,696.1792453169,97.8196354719,quality
2014,16,NA,709,362,3,NA,NA,NA,NA,2.8506462352,2.5587085705,2014,702.5110363805,100.9236813777,quality
2014,15,NA,681,363,3,NA,NA,NA,NA,2.8331471119,2.559906625,2014,708.8827098682,96.0666680849,quality
2014,15,NA,681,363,3,NA,NA,NA,NA,2.8331471119,2.559906625,2014,708.8827098682,96.0666680849,quality
2014,11,NA,879,364,3,NA,NA,NA,NA,2.9439888751,2.5611013836,2014,715.2944060823,122.8864636051,quality
2014,16,NA,709,364,3,NA,NA,NA,NA,2.8506462352,2.5611013836,2014,715.2944060823,99.1200258203,quality
2014,15,NA,766,369,3,NA,NA,NA,NA,2.8842287696,2.5670263662,2014,747.9581460075,102.4121475364,quality
2014,15,NA,681,370,3,NA,NA,NA,NA,2.8331471119,2.5682017241,2014,754.6129308253,90.2449417684,quality
2014,2,NA,709,371,3,NA,NA,NA,NA,2.8506462352,2.5693739096,2014,761.3087234295,93.1291049452,quality
2014,16,NA,794,373,3,NA,NA,NA,NA,2.8998205024,2.5717088318,2014,774.8238966651,102.4748982856,quality
2014,2,NA,851,375,3,NA,NA,NA,NA,2.9299295601,2.5740312677,2014,788.5047960871,107.9257861491,quality
2014,15,NA,681,375,3,NA,NA,NA,NA,2.8331471119,2.5740312677,2014,788.5047960871,86.3659933813,quality
2014,8,NA,851,384,3,NA,NA,NA,NA,2.9299295601,2.5843312244,2014,852.1500961884,99.865035961,preferred
2014,10,NA,794,384,3,NA,NA,NA,NA,2.8998205024,2.5843312244,2014,852.1500961884,93.1760735053,preferred
2014,18,NA,737,384,3,NA,NA,NA,NA,2.8674674879,2.5843312244,2014,852.1500961884,86.4871110496,preferred
2014,15,NA,851,386,3,NA,NA,NA,NA,2.9299295601,2.5865873047,2014,866.7627687276,98.1814206498,preferred
2014,16,NA,879,395,3,NA,NA,NA,NA,2.9439888751,2.5965970956,2014,934.6785883823,94.0430230162,preferred
2014,6,NA,851,397,3,NA,NA,NA,NA,2.9299295601,2.5987905068,2014,950.2575495275,89.5546686709,preferred
2014,10,NA,1050,403,3,NA,NA,NA,NA,3.0211892991,2.6053050461,2014,998.0755483346,105.2024570437,preferred
2014,15,NA,1078,405,3,NA,NA,NA,NA,3.0326187609,2.6074550232,2014,1014.3790963586,106.2719060231,preferred
2014,16,NA,1135,405,3,NA,NA,NA,NA,3.0549958615,2.6074550232,2014,1014.3790963586,111.8911069909,preferred
2014,2,NA,1191,407,3,NA,NA,NA,NA,3.0759117615,2.6095944092,2014,1030.8666775004,115.5338537945,preferred
2014,2,NA,1106,413,3,NA,NA,NA,NA,3.043755127,2.6159500517,2014,1081.4452042677,102.270553851,preferred
2014,11,NA,965,414,3,NA,NA,NA,NA,2.9845273133,2.6170003411,2014,1090.0392004141,88.5289262655,preferred
2014,16,NA,1135,415,3,NA,NA,NA,NA,3.0549958615,2.6180480967,2014,1098.6805102645,103.3057371453,preferred
2014,12,NA,1163,421,3,NA,NA,NA,NA,3.0655797147,2.6242820958,2014,1151.5301136279,100.9960561375,preferred
2014,18,NA,1191,435,3,NA,NA,NA,NA,3.0759117615,2.638489257,2014,1281.6674003064,92.9258245716,preferred
2014,10,NA,1362,468,3,NA,NA,NA,NA,3.1341771076,2.6702458531,2014,1628.2259689021,83.6493230063,preferred
2014,10,NA,1532,479,3,NA,NA,NA,NA,3.1852587653,2.6803355134,2014,1756.8639661464,87.2008322511,preferred
2014,15,NA,1787,483,3,NA,NA,NA,NA,3.2521245525,2.6839471308,2014,1805.3398098154,98.9841353015,preferred
2015,2,NA,113.4,202,3,NA,NA,NA,NA,2.0546130546,2.3053513694,2015,104.0914437379,108.9426718738,stock
2015,2,NA,170.1,213,3,NA,NA,NA,NA,2.2307043136,2.3283796034,2015,123.8187576217,137.3782157625,stock
2015,6,NA,170.1,216,3,NA,NA,NA,NA,2.2307043136,2.3344537512,2015,129.6185406529,131.231225983,stock
2015,2,NA,170.1,232,3,NA,NA,NA,NA,2.2307043136,2.3654879849,2015,163.7729509869,103.8633052497,stock
2015,2,NA,226.8,234,3,NA,NA,NA,NA,2.3556430502,2.3692158574,2015,168.4393284649,134.6478889859,stock
2015,8,NA,283.5,253,3,NA,NA,NA,NA,2.4525530632,2.4031205212,2015,217.4770662703,130.3585729116,stock
2015,8,NA,283.5,256,3,NA,NA,NA,NA,2.4525530632,2.4082399653,2015,226.0317286581,125.4248691912,stock
2015,8,NA,340.2,275,3,NA,NA,NA,NA,2.5317343093,2.4393326938,2015,285.7168851846,119.0689166936,stock
2015,11,NA,340.2,276,3,NA,NA,NA,NA,2.5317343093,2.4409090821,2015,289.1315108415,117.6627199885,stock
2015,8,NA,340.2,277,3,NA,NA,NA,NA,2.5317343093,2.4424797691,2015,292.5743737788,116.2781263465,stock
2015,8,NA,453.6,280,3,NA,NA,NA,NA,2.6566730459,2.4471580313,2015,303.0736899518,149.6665712131,stock
2015,8,NA,453.6,288,3,NA,NA,NA,NA,2.6566730459,2.4593924878,2015,332.3468848735,136.4839030077,stock
2015,6,NA,396.9,291,3,NA,NA,NA,NA,2.5986810989,2.463892989,2015,343.8125717693,115.4408048424,stock
2015,8,NA,453.6,298,3,NA,NA,NA,NA,2.6566730459,2.4742162641,2015,371.6292015948,122.0571467617,stock
2015,8,NA,510.3,304,3,NA,NA,NA,NA,2.7078255683,2.4828735836,2015,396.6845072281,128.6412730272,quality
2015,11,NA,453.6,305,3,NA,NA,NA,NA,2.6566730459,2.4842998393,2015,400.9713790283,113.1252811857,quality
2015,8,NA,510.3,307,3,NA,NA,NA,NA,2.7078255683,2.4871383755,2015,409.6414577371,124.5723523246,quality
2015,8,NA,510.3,311,3,NA,NA,NA,NA,2.7078255683,2.492760389,2015,427.3707089766,119.4045331796,quality
2015,18,NA,453.6,313,3,NA,NA,NA,NA,2.6566730459,2.4955443375,2015,436.4320305823,103.933709768,quality
2015,18,NA,396.9,315,3,NA,NA,NA,NA,2.5986810989,2.4983105538,2015,445.6259187178,89.0657350322,quality
2015,15,NA,567,316,3,NA,NA,NA,NA,2.7535830589,2.4996870826,2015,450.272912429,125.9236308357,quality
2015,15,NA,567,317,3,NA,NA,NA,NA,2.7535830589,2.5010592622,2015,454.9534526407,124.6281343089,quality
2015,4,NA,567,320,3,NA,NA,NA,NA,2.7535830589,2.5051499783,2015,469.1977048587,120.8445808938,quality
2015,8,NA,567,320,3,NA,NA,NA,NA,2.7535830589,2.5051499783,2015,469.1977048587,120.8445808938,quality
2015,18,NA,453.6,320,3,NA,NA,NA,NA,2.6566730459,2.5051499783,2015,469.1977048587,96.6756647151,quality
2015,8,NA,453.6,321,3,NA,NA,NA,NA,2.6566730459,2.5065050324,2015,474.0137842334,95.6934197037,quality
2015,11,NA,567,322,3,NA,NA,NA,NA,2.7535830589,2.5078558717,2015,478.8640872694,118.4052041224,quality
2015,8,NA,623.7,326,3,NA,NA,NA,NA,2.7949757441,2.5132176001,2015,498.6102533421,125.0876803715,quality
2015,8,NA,453.6,328,3,NA,NA,NA,NA,2.6566730459,2.5158738437,2015,508.6922140711,89.1698334381,quality
2015,15,NA,567,329,3,NA,NA,NA,NA,2.7535830589,2.5171958979,2015,513.785890993,110.3572538561,quality
2015,4,NA,680.4,330,3,NA,NA,NA,NA,2.8327643049,2.5185139399,2015,518.9148810224,131.1197702905,quality
2015,18,NA,567,330,3,NA,NA,NA,NA,2.7535830589,2.5185139399,2015,518.9148810224,109.2664752421,quality
2015,8,NA,567,331,3,NA,NA,NA,NA,2.7535830589,2.5198279938,2015,524.0793208527,108.1897295771,quality
2015,15,NA,680.4,331,3,NA,NA,NA,NA,2.8327643049,2.5198279938,2015,524.0793208527,129.8276754925,quality
2015,15,NA,567,335,3,NA,NA,NA,NA,2.7535830589,2.525044807,2015,545.0943160114,104.0186960944,quality
2015,18,NA,595.35,340,3,NA,NA,NA,NA,2.774772358,2.531478917,2015,572.177130625,104.049946797,quality
2015,15,NA,680.4,343,3,NA,NA,NA,NA,2.8327643049,2.53529412,2015,588.8675934612,115.5438009419,quality
2015,15,NA,623.7,343,3,NA,NA,NA,NA,2.7949757441,2.53529412,2015,588.8675934612,105.9151508634,quality
2015,18,NA,567,343,3,NA,NA,NA,NA,2.7535830589,2.53529412,2015,588.8675934612,96.2865007849,quality
2015,8,NA,680.4,349,3,NA,NA,NA,NA,2.8327643049,2.542825427,2015,623.2576566071,109.1683339606,quality
2015,11,NA,680.4,350,3,NA,NA,NA,NA,2.8327643049,2.5440680444,2015,629.1217634476,108.1507650079,quality
2015,8,NA,737.1,351,3,NA,NA,NA,NA,2.8675264112,2.5453071165,2015,635.0240773959,116.0743389483,quality
2015,11,NA,680.4,351,3,NA,NA,NA,NA,2.8327643049,2.5453071165,2015,635.0240773959,107.1455436446,quality
2015,8,NA,680.4,363,3,NA,NA,NA,NA,2.8327643049,2.559906625,2015,708.8827098682,95.9820278487,quality
2015,11,NA,737.1,364,3,NA,NA,NA,NA,2.8675264112,2.5611013836,2015,715.2944060823,103.0484781836,quality
2015,15,NA,680.4,364,3,NA,NA,NA,NA,2.8327643049,2.5611013836,2015,715.2944060823,95.1216721694,quality
2015,15,NA,737.1,367,3,NA,NA,NA,NA,2.8675264112,2.5646660643,2015,734.7710356885,100.3169646323,quality
2015,4,NA,963.9,370,3,NA,NA,NA,NA,2.9840319803,2.5682017241,2015,754.6129308253,127.7343603092,quality
2015,18,NA,793.8,370,3,NA,NA,NA,NA,2.8997110946,2.5682017241,2015,754.6129308253,105.1930026076,quality
2015,5,NA,680.4,371,3,NA,NA,NA,NA,2.8327643049,2.5693739096,2015,761.3087234295,89.3724160857,quality
2015,12,NA,793.8,373,3,NA,NA,NA,NA,2.8997110946,2.5717088318,2015,774.8238966651,102.4490859686,quality
2015,18,NA,680.4,378,3,NA,NA,NA,NA,2.8327643049,2.5774917998,2015,809.3393585839,84.0685668853,quality
2015,6,NA,1020.6,384,3,NA,NA,NA,NA,3.008855564,2.5843312244,2015,852.1500961884,119.7676330221,preferred
2015,11,NA,907.2,385,3,NA,NA,NA,NA,2.9577030415,2.5854607295,2015,859.4348645988,105.5577376912,preferred
2015,4,NA,737.1,390,3,NA,NA,NA,NA,2.8675264112,2.591064607,2015,896.5085975081,82.2189549603,preferred
2015,11,NA,1020.6,393,3,NA,NA,NA,NA,3.008855564,2.5943925504,2015,919.2778954282,111.0219233026,preferred
2015,8,NA,963.9,394,3,NA,NA,NA,NA,2.9840319803,2.5954962218,2015,926.9560301839,103.9855148047,preferred
2015,18,NA,793.8,395,3,NA,NA,NA,NA,2.8997110946,2.5965970956,2015,934.6785883823,84.9275900686,preferred
2015,15,NA,793.8,396,3,NA,NA,NA,NA,2.8997110946,2.5976951859,2015,942.4457136037,84.2276630412,preferred
2015,18,NA,907.2,405,3,NA,NA,NA,NA,2.9577030415,2.6074550232,2015,1014.3790963586,89.4340196142,preferred
2015,12,NA,1134,407,3,NA,NA,NA,NA,3.0546130546,2.6095944092,2015,1030.8666775004,110.0045257792,preferred
2015,4,NA,1020.6,410,3,NA,NA,NA,NA,3.008855564,2.6127838567,2015,1055.9456441743,96.6527023082,preferred
2015,15,NA,1134,412,3,NA,NA,NA,NA,3.0546130546,2.614897216,2015,1072.8983763894,105.6950056925,preferred
2015,11,NA,1190.7,421,3,NA,NA,NA,NA,3.0758023536,2.6242820958,2015,1151.5301136279,103.4015511977,preferred
2015,12,NA,1134,427,3,NA,NA,NA,NA,3.0546130546,2.630427875,2015,1206.1197664971,94.0205136753,preferred
2015,18,NA,1247.4,450,3,NA,NA,NA,NA,3.0960057397,2.6532125138,2015,1432.0710243733,87.1046183304,preferred
2015,18,NA,1247.4,465,3,NA,NA,NA,NA,3.0960057397,2.6674529529,2015,1594.3127337298,78.2406094871,preferred
2016,11,1,658,347,3,4,8,2,NA,2.8182258936,2.5403294748,2016,611.6435087166,107.5790048652,quality
2016,11,2,415,292,3,4,3,1,NA,2.6180480967,2.4653828514,2016,347.6947016971,119.3575852535,stock
2016,11,3,557,348,3,4,3,1,NA,2.7458551952,2.5415792439,2016,617.431617964,90.2124192857,quality
2016,12,4,669,374,3,6,8,2,NA,2.8254261178,2.5728716022,2016,781.6435598897,85.5888840297,quality
2016,18,5,716,375,3,4,3,1,NA,2.8549130223,2.5740312677,2016,788.5047960871,90.8047742453,quality
2016,18,6,719,355,3,NA,8,2,NA,2.8567288904,2.5502283531,2016,659.018186265,109.1016932438,quality
2016,18,8,479,289,3,2,3,1,NA,2.6803355134,2.4608978428,2016,336.138795368,142.5006594302,stock
2016,18,9,986,388,3,4,3,1,NA,2.9938769149,2.5888317256,2016,881.5485549548,111.8486320984,preferred
2016,18,10,1258,423,3,8,8,2,NA,3.0996806411,2.6263403674,2016,1169.5317663005,107.5644147725,preferred
2016,18,11,1131,409,3,4,8,2,NA,3.0534626049,2.611723308,2016,1047.5394494469,107.967294272,preferred
2016,18,12,979,380,3,5,3,1,NA,2.9907826918,2.5797835966,2016,823.4395297044,118.8915475495,preferred
2016,18,13,950,380,3,5,3,1,NA,2.9777236053,2.5797835966,2016,823.4395297044,115.3697345986,preferred
2016,18,14,466,293,3,2,3,1,NA,2.6683859167,2.4668676204,2016,351.6071689969,132.534271508,stock
2016,18,15,193,228,3,1,8,2,NA,2.285557309,2.357934847,2016,154.7108435997,124.7488511532,stock
2016,18,16,171,214,3,1,6,2,NA,2.2329961104,2.3304137733,2016,125.7315530882,136.0040465579,stock
2016,18,17,482,317,3,3,3,1,NA,2.6830470382,2.5010592622,2016,454.9534526407,105.9449042979,quality
2016,18,18,500,315,3,3,3,1,NA,2.6989700043,2.4983105538,2016,445.6259187178,112.2017322149,quality
2016,18,19,522,323,3,2,8,2,NA,2.717670503,2.5092025223,2016,483.7487497462,107.9072556309,quality
2016,18,20,909,374,3,4,8,2,NA,2.9585638832,2.5728716022,2016,781.6435598897,116.2934164171,quality
2016,18,21,774,361,3,4,8,2,NA,2.8887409607,2.5575072019,2016,696.1792453169,111.1782641046,quality
2016,18,22,811,385,3,4,3,1,NA,2.9090208542,2.5854607295,2016,859.4348645988,94.3643356124,preferred
2016,18,23,473,299,3,2,8,2,NA,2.6748611407,2.4756711883,2016,375.7264761575,125.8894515067,stock
2016,18,24,1312,431,3,6,8,2,NA,3.117933835,2.6344772702,2016,1243.4951772128,105.5090541598,preferred
2016,18,25,590,318,3,2,3,1,NA,2.7708520116,2.50242712,2016,459.6676745528,128.353598189,quality
2016,18,26,901,386,3,7,3,1,NA,2.954724791,2.5865873047,2016,866.7627687276,103.9500117573,preferred
2016,18,29,166,217,3,1,6,2,NA,2.220108088,2.3364597338,2016,131.5929760606,126.1465504995,stock
2016,18,30,612,339,3,4,3,1,NA,2.7867514221,2.5301996982,2016,566.687472787,107.9960347438,quality
2016,18,31,742,353,3,4,8,2,NA,2.8704039053,2.5477747054,2016,646.9438827994,114.693100859,quality
2016,18,32,861,343,3,3,8,2,NA,2.9350031515,2.53529412,2016,588.8675934612,146.2128345252,quality
2016,18,33,333,276,3,2,1,1,NA,2.5224442335,2.4409090821,2016,289.1315108415,115.1725036925,stock
2016,18,34,206,236,3,1,8,2,NA,2.3138672204,2.372912003,2016,173.1972474667,118.9395345556,stock
2016,18,35,128,207,3,1,1,1,NA,2.1072099696,2.3159703455,2016,112.7641214579,113.5112820861,stock
2016,18,36,454,315,3,3,3,1,NA,2.6570558529,2.4983105538,2016,445.6259187178,101.8791728511,quality
2016,18,37,1003,403,3,5,8,2,NA,3.001300933,2.6053050461,2016,998.0755483346,100.4933946808,preferred
2016,18,38,735,361,3,4,8,2,NA,2.8662873391,2.5575072019,2016,696.1792453169,105.576258549,quality
2016,18,39,189,223,3,1,1,1,NA,2.2764618042,2.348304863,2016,143.8804597104,131.3590465171,stock
2016,18,40,1066,398,3,4,3,1,NA,3.0277572047,2.5998830721,2016,958.1142399323,111.260218831,preferred
2016,18,41,788,369,3,4,3,1,NA,2.8965262175,2.5670263662,2016,747.9581460075,105.3534885884,quality
2016,18,42,681,369,3,4,3,1,NA,2.8331471119,2.5670263662,2016,747.9581460075,91.0478752902,quality
2016,18,43,516,313,3,3,8,2,NA,2.7126497016,2.4955443375,2016,436.4320305823,118.2314687837,quality
2016,18,44,873,370,3,4,3,1,NA,2.9410142437,2.5682017241,2016,754.6129308253,115.6884495797,quality
2016,18,45,596,314,3,2,8,2,NA,2.7752462597,2.4969296481,2016,441.0123364242,135.1436118165,quality
2016,18,46,603,316,3,2,8,2,NA,2.7803173121,2.4996870826,2016,450.272912429,133.9187819998,quality
2016,10,47,598,330,3,5,3,1,NA,2.776701184,2.5185139399,2016,518.9148810224,115.2404800614,quality
2016,10,48,840,359,3,4,8,2,NA,2.9242792861,2.5550944486,2016,683.6347497817,122.8726304899,quality
2016,8,49,767,362,3,7,3,1,NA,2.8847953639,2.5587085705,2016,702.5110363805,109.1797794312,quality
2016,8,50,721,351,3,5,3,1,NA,2.8579352647,2.5453071165,2016,635.0240773959,113.5390020102,quality
2016,8,51,630,344,3,5,3,1,NA,2.7993405495,2.5365584426,2016,594.5053709639,105.9704471599,quality
2016,8,52,481,294,3,3,3,1,NA,2.6821450764,2.4683473304,2016,355.5501059891,135.2833234747,stock
2016,8,53,328,277,3,2,8,2,NA,2.5158738437,2.4424797691,2016,292.5743737788,112.1082464481,stock
2016,8,54,409,288,3,2,3,1,NA,2.611723308,2.4593924878,2016,332.3468848735,123.0641894404,stock
2016,8,56,259,260,3,2,8,2,NA,2.4132997641,2.414973348,2016,237.7977646872,108.9160784756,stock
2016,8,57,327,276,3,2,8,2,NA,2.5145477527,2.4409090821,2016,289.1315108415,113.0973234458,stock
2016,8,58,213,254,3,2,3,1,NA,2.3283796034,2.4048337166,2016,220.3031741212,96.6849437597,stock
2016,8,59,780,354,3,5,3,1,NA,2.8920946027,2.549003262,2016,652.9616526166,119.4557133446,quality
2016,8,60,666,338,3,4,8,2,NA,2.8234742292,2.5289167003,2016,561.234500054,118.6669743104,quality
2016,8,61,591,319,3,3,8,2,NA,2.7715874809,2.5037906831,2016,464.4157134813,127.2566760435,quality
2016,8,62,269,265,3,2,8,2,NA,2.42975228,2.4232458739,2016,253.0951047974,106.284157576,stock
2016,8,63,246,248,3,2,8,2,NA,2.3909351071,2.3944516808,2016,203.7231352974,120.7521176428,stock
2016,8,64,250,256,3,2,8,2,NA,2.3979400087,2.4082399653,2016,226.0317286581,110.6039410857,stock
2016,8,65,238,245,3,2,8,2,NA,2.3765769571,2.3891660844,2016,195.7674996911,121.5727842341,stock
2016,8,66,231,249,3,2,3,1,NA,2.3636119799,2.3961993471,2016,206.4241300762,111.9055218567,stock
2016,8,67,308,254,3,2,3,1,NA,2.4885507165,2.4048337166,2016,220.3031741212,139.8073365164,stock
2016,8,68,306,261,3,2,8,2,NA,2.4857214265,2.4166405073,2016,240.8043791471,127.0741010125,stock
2016,8,70,171,222,3,1,6,2,NA,2.2329961104,2.3463529745,2016,141.77944938,120.6098632402,stock
2016,8,71,172,219,3,2,8,2,NA,2.2355284469,2.3404441148,2016,135.6043395558,126.8395986171,stock
2016,2,90,581,316,3,2,8,2,NA,2.7641761324,2.4996870826,2016,450.272912429,129.0328562884,quality
2016,2,91,281,256,3,2,6,2,NA,2.4487063199,2.4082399653,2016,226.0317286581,124.3188297804,stock
2016,2,92,416,304,3,2,8,2,NA,2.6190933306,2.4828735836,2016,396.6845072281,104.8692329597,quality
2016,2,93,681,360,3,4,3,1,NA,2.8331471119,2.5563025008,2016,689.8871964808,98.7117899091,quality
2016,2,94,688,344,3,4,3,1,NA,2.8375884382,2.5365584426,2016,594.5053709639,115.726456581,quality
2016,2,95,399,290,3,2,8,2,NA,2.6009728957,2.4623979979,2016,339.9606470172,117.3665256555,stock
2016,2,96,206,231,3,1,6,2,NA,2.3138672204,2.3636119799,2016,161.4737793421,127.5748922452,stock
2016,2,97,429,298,3,2,8,2,NA,2.6324572922,2.4742162641,2016,371.6292015948,115.4376454162,stock
2016,2,98,361,275,3,2,3,1,NA,2.5575072019,2.4393326938,2016,285.7168851846,126.3488504597,stock
2016,2,99,409,289,3,2,8,2,NA,2.611723308,2.4608978428,2016,336.138795368,121.675928407,stock
2016,2,100,395,279,3,2,8,2,NA,2.5965970956,2.4456042033,2016,299.5453328378,131.8665179183,stock
2016,2,101,510,310,3,2,8,2,NA,2.7075701761,2.4913616938,2016,422.8894238684,120.5989015603,quality
2016,2,102,375,289,3,2,3,1,NA,2.5740312677,2.4608978428,2016,336.138795368,111.5610590528,stock
2016,4,103,675,336,3,4,3,1,NA,2.8293037728,2.5263392774,2016,550.4380592023,122.6296017718,quality
2016,4,104,175,220,3,2,1,1,NA,2.2430380487,2.3424226808,2016,137.6415118751,127.1418757437,stock
2016,4,105,934,373,3,4,8,2,NA,2.9703468762,2.5717088318,2016,774.8238966651,120.5435201495,quality
2016,4,106,270,254,3,2,1,1,NA,2.4313637642,2.4048337166,2016,220.3031741212,122.5583794138,stock
2016,4,107,248,245,3,2,8,2,NA,2.3944516808,2.3891660844,2016,195.7674996911,126.680884412,stock
2016,4,108,426,289,3,2,8,2,NA,2.6294095991,2.4608978428,2016,336.138795368,126.733363084,stock
2016,4,109,768,358,3,5,8,2,NA,2.88536122,2.5538830266,2016,677.4217652352,113.3710251742,quality
2016,4,111,328,265,3,2,3,1,NA,2.5158738437,2.4232458739,2016,253.0951047974,129.5955527321,stock
2016,4,112,331,269,3,2,3,1,NA,2.5198279938,2.42975228,2016,265.8148334059,124.5227723972,stock
2016,4,113,600,336,3,4,3,1,NA,2.7781512504,2.5263392774,2016,550.4380592023,109.0040904638,quality
2016,2,114,253,307,3,2,3,1,NA,2.4031205212,2.4871383755,2016,409.6414577371,61.7613269413,quality
2016,2,115,330,275,3,2,8,2,NA,2.5185139399,2.4393326938,2016,285.7168851846,115.4989491737,stock
2016,6,116,744,358,3,5,3,1,NA,2.8715729355,2.5538830266,2016,677.4217652352,109.8281806375,quality
2016,6,117,321,279,3,2,3,1,NA,2.5065050324,2.4456042033,2016,299.5453328378,107.162410764,stock
2016,6,118,496,324,3,3,3,1,NA,2.6954816765,2.5105450102,2016,488.6679075584,101.500424384,quality
2016,6,119,119,236,3,2,8,2,NA,2.0755469614,2.372912003,2016,173.1972474667,68.7077893792,stock
2016,6,120,227,259,3,2,8,2,NA,2.3560258572,2.4132997641,2016,234.8173204066,96.6708927633,stock
2016,14,122,251,236,3,1,8,2,NA,2.3996737215,2.372912003,2016,173.1972474667,144.9214717158,stock
2016,14,123,437,288,3,2,8,2,NA,2.640481437,2.4593924878,2016,332.3468848735,131.4891217248,stock
2016,15,124,136,202,3,NA,1,1,NA,2.1335389084,2.3053513694,2016,104.0914437379,130.6543507481,stock
2016,15,125,440,296,3,2,8,2,NA,2.6434526765,2.4712917111,2016,363.5279189473,121.0360957348,stock
2016,15,126,303,269,3,2,3,1,NA,2.4814426285,2.42975228,2016,265.8148334059,113.9891239769,stock
2016,15,127,348,283,3,2,8,2,NA,2.5415792439,2.4517864355,2016,313.8318402705,110.8874101812,stock
2016,15,128,859,376,3,5,3,1,NA,2.9339931638,2.5751878449,2016,795.4077468125,107.9949250485,quality
2016,15,129,739,362,3,4,3,1,NA,2.8686444384,2.5587085705,2016,702.5110363805,105.1940769226,quality
2016,15,130,305,266,3,2,8,2,NA,2.4842998393,2.4248816366,2016,256.234495837,119.0315921374,stock
2016,15,131,282,261,3,2,3,1,NA,2.4502491083,2.4166405073,2016,240.8043791471,117.1075048547,stock
2016,15972,132,971,395,3,7,3,1,NA,2.9872192299,2.5965970956,2016,934.6785883823,103.8859787813,preferred
